INSERT INTO COUNTRIES(CODE, NAME)
VALUES (100, 'United States');
INSERT INTO COUNTRIES(CODE, NAME)
VALUES (200, 'United Kingdom');
INSERT INTO COUNTRIES(CODE, NAME)
VALUES (300, 'Ukraine');
INSERT INTO COUNTRIES(CODE, NAME)
VALUES (400, 'Zambia');
INSERT INTO COUNTRIES(CODE, NAME)
VALUES (500, 'Australia');

INSERT INTO PERSONS(ID, FIRST_NAME, LAST_NAME, DATE_OF_BIRTH)
VALUES (1,
        'Fred',
        'Phillips',
        '1990-01-20');
INSERT INTO PERSONS(ID, FIRST_NAME, LAST_NAME, DATE_OF_BIRTH)
VALUES (2,
        'Calvin',
        'Henry',
        '1995-02-25');
INSERT INTO PERSONS(ID, FIRST_NAME, LAST_NAME, DATE_OF_BIRTH)
VALUES (3,
        'Virginia',
        'Cook',
        '1980-12-14');
INSERT INTO PERSONS(ID, FIRST_NAME, LAST_NAME, DATE_OF_BIRTH)
VALUES (4,
        'Walter',
        'Alvarado',
        '1999-09-27');
INSERT INTO PERSONS(ID, FIRST_NAME, LAST_NAME, DATE_OF_BIRTH)
VALUES (5,
        'Kelly',
        'Stoller',
        '1999-06-26');

INSERT INTO USERS(PERSON_ID, USERNAME, PASSWORD, EMAIL, COUNTRY_CODE)
VALUES (1,
        'Youghoss1978',
        '$2y$10$RXyt4zu9H3PVKv5hE4Sln.FLsTgAakX5Ig7csH.0K58SwAwHVN8DG',
        'FredJPhillips@teleworm.us',
        100);
INSERT INTO USERS(PERSON_ID, USERNAME, PASSWORD, EMAIL, COUNTRY_CODE)
VALUES (2,
        'Shom1995',
        '$2y$10$aweUAddEdQodJoxB2/ajEePYg4ZZuDewc1riewCnebR2MG9jT2tTy',
        'CalvinDHenry@teleworm.us',
        200);
INSERT INTO USERS(PERSON_ID, USERNAME, PASSWORD, EMAIL, COUNTRY_CODE)
VALUES (3,
        'Wittiould1980',
        '$2y$10$pRmUEPJMB0/CR5uCuqCA2ODdE0iOJswpXFdIIhZmuZyiZIMe.OCl2',
        'VirginiaDCook@armyspy.com',
        100);
INSERT INTO USERS(PERSON_ID, USERNAME, PASSWORD, EMAIL, COUNTRY_CODE)
VALUES (4,
        'Ralithaten',
        '$2y$10$rvQQK4YS7MRMZPkGN32bSOiwiXsi8xwQ4bEY7JzpzJtZlO3TZ.g7i',
        'WalterTAlvarado@armyspy.com',
        500);
INSERT INTO USERS(PERSON_ID, USERNAME, PASSWORD, EMAIL, COUNTRY_CODE)
VALUES (5,
        'Witeasteme1999',
        '$2y$10$6zQ1d7RuE.bnnlCCN4JVC.fZMGzIAMSoqw0/wJT5rTsEHhxwOcEM.',
        'KellyRStoller@rhyta.com',
        300);

INSERT INTO PRODUCTS(ID, NAME, PRICE, DESCRIPTION)
VALUES (1,
        'Apple MacBook Pro 13',
        698.99,
        'Core i5 Retina 2.7GHz (MF840LL/A), 8GB Memory, 256GB Solid State');
INSERT INTO PRODUCTS(ID, NAME, PRICE, DESCRIPTION)
VALUES (2,
        'Apple MacBook Pro MGXA2LL/A',
        830.00,
        '15-Inch Laptop with Retina Display (2.2 GHz Intel Core i7 Processor, 16GB RAM, 256GB SSD) (Renewed)');
INSERT INTO PRODUCTS(ID, NAME, PRICE, DESCRIPTION)
VALUES (3,
        'Apple iPad Pro 3rd Gen',
        1499.77,
        '(12.9-inch, Wi-Fi + Cellular, 1TB) - Silver (Renewed)');
INSERT INTO PRODUCTS(ID, NAME, PRICE, DESCRIPTION)
VALUES (4,
        'Apple iPhone 11 Pro Max',
        1470.00,
        '256GB, Fully Unlocked - Silver (Renewed)');

INSERT INTO ORDERS(ID, USER_ID, STATUS, CREATED_AT)
VALUES (1, 1, 'DELIVERED', '2019-09-20');
INSERT INTO ORDERS(ID, USER_ID, STATUS, CREATED_AT)
VALUES (2, 2, 'TRANSIT', '2019-11-13');
INSERT INTO ORDERS(ID, USER_ID, STATUS, CREATED_AT)
VALUES (3, 4, 'PENDING', '2019-12-20');

INSERT INTO ORDER_ITEMS(ORDER_ID, PRODUCT_ID, QUANTITY)
VALUES (1, 2, 2);
INSERT INTO ORDER_ITEMS(ORDER_ID, PRODUCT_ID, QUANTITY)
VALUES (1, 3, 1);
INSERT INTO ORDER_ITEMS(ORDER_ID, PRODUCT_ID, QUANTITY)
VALUES (2, 1, 5);
INSERT INTO ORDER_ITEMS(ORDER_ID, PRODUCT_ID, QUANTITY)
VALUES (3, 4, 2);
INSERT INTO ORDER_ITEMS(ORDER_ID, PRODUCT_ID, QUANTITY)
VALUES (3, 2, 1);
INSERT INTO ORDER_ITEMS(ORDER_ID, PRODUCT_ID, QUANTITY)
VALUES (3, 1, 1);